source_ticket_id,description,subject,body,priority,tags,type,status,file
2163,Much city data once compare.,Almost deal you police our dark property.,Meet tend race military. Open born must piece baby. Coach operation way walk couple give two company.,high,many,question,new,/home/oem/Music/nitin.jpg
2173,Air whatever service.,Bed ground move beat.,Big surface prove pattern better large. Half natural cause lead after do least memory. Positive forward bank cause west.,normal,ahead,problem,new,/home/oem/Music/unnamed.jpg
2183,Final room fish know dog quite.,Serious bed run.,Assume success model law modern glass say free. Baby cut Mr baby gas can child democratic. Lose American mission.,low,military,incident,open,/home/oem/Downloads/receipt.pdf
2193,Nor we director degree.,Despite ok we lay model culture however summer.,Security politics walk increase shoulder push. Memory finally want wish moment face will. Paper a decision state officer yard.,normal,doctor,question,new,/home/oem/Downloads/image.png
8093,Way evidence peace miss.,Fine I memory phone model.,Walk sure feel party. Theory staff employee camera draw. Decide piece economic necessary. Candidate tough face.,high,"federal,often",question,pending,/home/oem/Downloads/preview_target_medium.png
8103,Gas decade building.,Way choice cut edge pretty scientist next.,Interesting increase most however certain air. Policy some less garden class news dark. Something system off job none. His do television deep these onto I.,urgent,"risk,be",task,new,/home/oem/Downloads/child.jpg
8113,Shake step TV choose.,Church worker ask.,Remain yes business continue character court special. Necessary well fall. Different child wear rise.,low,"career,game",question,open,/home/oem/Downloads/receipt (4).pdf
8123,Reflect pick might half.,Least high truth the.,Call once color agreement herself sea identify. Best matter record person.,normal,inside,incident,new,/home/oem/Downloads/image (1).png
8133,Bed table somebody notice.,Provide leave join hit customer work.,Two himself trouble might forward civil. Lawyer actually image itself. Expect to share rate law.,urgent,"level,front",task,open,/home/oem/Downloads/fpptball.pdf
8143,Next short sometimes ground.,Leader me computer occur notice so.,Amount series but ever professional debate capital. Computer bit including player man those poor.,urgent,"gun,win",problem,pending,/home/oem/Downloads/receipt (11).pdf
8153,Rather whether she push.,Instead financial film add there other share.,Customer indeed discussion once. End order officer trial. Speech budget develop sister sit writer may.,urgent,"guess,energy",incident,new,/home/oem/Downloads/receipt (16).pdf
8163,Or former nor money.,Party realize almost evidence tough.,Official it hair administration expert none benefit. Cover the run establish military approach industry. Teacher head require staff range but design.,low,"heart,night,officer",task,new,/home/oem/Downloads/receipt (20).pdf
8173,Any as talk try teacher want.,Will leader nor other.,Book material very food glass. Public management firm today.,normal,bed,task,pending,/home/oem/Downloads/hritik.jpg
8183,Employee be half edge.,Where return hair push Democrat size bill.,Sit question couple life. Civil the place coach move take recognize.,low,"say,both,before",problem,open,/home/oem/Downloads/michael.jpg
8193,Government shoulder matter detail.,Several nature adult want ask actually.,Machine institution yard nature arrive. Word sure under understand not. Opportunity its during single and wide.,urgent,positive,task,pending,/home/oem/Downloads/user03.jpeg
8203,Left every bar alone side.,Happen since key lose decade enough mouth.,Also own stand executive number. Room foreign much marriage. Family rate peace production.,normal,eye,incident,new,/home/oem/Downloads/user02.png
8213,Sell could very special challenge.,Everybody approach garden Congress do understand.,Budget body charge production. Director apply themselves effect become year oil. Measure soldier person. North somebody TV commercial.,normal,"bag,size",problem,new,/home/oem/Downloads/receipt (25).pdf
8223,Focus do house TV science.,Child hospital set tonight treat.,World information dark fire parent shake improve whether. Stay century level long indeed federal. Then finish allow do physical scene only court.,normal,"entire,involve,unit",incident,new,/home/oem/Downloads/receipt (26).pdf
8233,Box section almost.,Understand color be institution affect spring build.,Movie half speak civil. Everything improve situation politics standard through beautiful.,low,"throw,require,sense",problem,open,/home/oem/Downloads/receipt (32).pdf
8243,Mr away quickly final.,Bit to cup face draw use its.,Happy health for cold. Pass education possible charge difference. Law style anyone free itself. Perform environment street market pattern central.,normal,policy,problem,new,/home/oem/Downloads/user1.jpg